{"0.6897282619769136":{"user_id":6},"0.6457925342435455":{"user_id":5}}